Ticker,Average Sentiment,Total Number of Mentions
GME,0.3618703703703704,27.0
EV,0.7669615384615385,13.0
NIO,0.4749,12.0
TSLA,0.3118363636363636,11.0
IMO,0.5221454545454546,11.0
RH,0.3170444444444444,9.0
AAPL,0.3656222222222222,9.0
SQ,0.188725,8.0
PLTR,-0.0051999999999999,7.0
UK,0.0995857142857142,7.0
AMD,0.2029857142857143,7.0
CEO,0.6544714285714285,7.0
TD,0.6888000000000001,6.0
AMC,0.4545166666666666,6.0
ATH,0.10664,5.0
BB,0.53382,5.0
BAM,0.54328,5.0
TSM,0.33774,5.0
RKT,-0.18266,5.0
SBE,0.33146,5.0
PM,-0.7191799999999999,5.0
FB,0.760575,4.0
DCF,0.44605,4.0
TLRY,0.841175,4.0
GE,0.6461000000000001,4.0
GDP,0.2808,4.0
CD,0.3527,4.0
GM,0.361425,4.0
USA,0.5719000000000001,4.0
AI,0.821925,4.0
ABB,0.6122333333333333,3.0
CRSR,0.8288666666666668,3.0
TDA,0.6268666666666666,3.0
ROKU,0.4545666666666667,3.0
THC,0.2956666666666666,3.0
ALOT,0.2739333333333333,3.0
SPCE,0.3266333333333333,3.0
UMC,0.5698333333333333,3.0
RSI,0.3092,3.0
APHA,0.5890666666666666,3.0
IT,0.1454333333333333,3.0
AAL,0.1949,3.0
MSFT,0.4038333333333333,3.0
VS,0.3172,3.0
SO,0.4430666666666667,3.0
NAV,0.5825,3.0
SE,0.7406999999999999,2.0
NFLX,0.1354,2.0
FOR,0.698,2.0
FUV,0.5475000000000001,2.0
