ticker,compound,mentions
AAL,-0.6124,1.0
AAPL,0.38285357142857146,28.0
AB,0.9537,1.0
ABB,0.8916999999999999,2.0
ABBV,0.4215,1.0
ABNB,0.5994,1.0
AC,0.2732,1.0
ACB,0.3412,1.0
AFMD,0.9802,1.0
AG,0.0,1.0
AGNC,0.659,1.0
AI,0.55685,6.0
AIM,-0.3527,1.0
AKBA,0.0,1.0
AL,0.9537,1.0
ALL,-0.2801833333333333,6.0
AM,0.0,3.0
AMC,0.225675,20.0
AMD,0.29044545454545445,22.0
AMRS,0.0,1.0
AMS,0.0,1.0
AMX,0.4404,1.0
AMZN,0.5072999999999999,19.0
ANIK,-0.5499,1.0
ANY,-0.40080000000000005,2.0
APD,0.9811,1.0
APHA,0.3376666666666666,3.0
API,0.5859,1.0
APPH,-0.0738333333333333,3.0
AQB,0.0,1.0
AR,0.4786,2.0
ARE,-0.7992,1.0
ARRY,0.0,1.0
ARVL,0.0,2.0
ASML,0.2978,3.0
ASO,0.0191,9.0
AT,0.0,1.0
ATH,0.09028749999999997,8.0
AXP,0.5267,1.0
BA,0.7906,1.0
BABA,0.5387,14.0
BAC,0.6929,2.0
BAM,0.5994,1.0
BB,0.006642857142857101,7.0
BEST,0.6017,1.0
BH,0.2201499999999999,2.0
BP,0.529125,12.0
BTI,0.32985,2.0
BTO,0.6114,1.0
BY,0.0,1.0
CASH,0.5983,1.0
CAT,0.3240666666666666,3.0
CC,0.0,1.0
CCL,0.4694,1.0
CCS,0.6757,1.0
CD,0.3569,2.0
CDR,0.0,1.0
CF,0.6894,1.0
CG,0.8855,1.0
CLF,0.0,2.0
CLNE,0.5125666666666667,3.0
CLOV,0.1052727272727272,11.0
CLVR,0.7184,1.0
CMC,0.7506,1.0
CMPS,0.10099999999999998,3.0
COIN,-0.6597,1.0
CORE,0.0,1.0
COST,0.9222,1.0
COTY,0.7096,1.0
CP,0.1525,2.0
CPA,0.24775000000000003,2.0
CRSP,0.4634,2.0
DARE,0.3748,1.0
DB,-0.385725,4.0
DD,0.3477212765957446,47.0
DDD,0.0,1.0
DEO,0.1394333333333333,3.0
DKNG,0.4611,2.0
DM,0.5574,1.0
DNN,0.0,1.0
DOYU,0.29917272727272726,11.0
DT,0.8519,1.0
EBS,-0.7906,1.0
EFT,0.8156,1.0
EH,0.0,1.0
EM,0.891,1.0
ENPH,0.8979,1.0
ETN,0.0,1.0
EVER,0.4854,1.0
EXPI,0.3612,1.0
FAT,-0.5574,1.0
FATE,0.9802,1.0
FB,0.6388,4.0
FCF,0.8247,2.0
FLS,0.9862,1.0
FLT,0.0772,1.0
FOR,-0.0196,1.0
FREE,0.7875,1.0
FSD,0.9703,1.0
FSLY,0.0,1.0
FUBO,-0.0267,2.0
GE,0.40485,2.0
GF,-0.3844,3.0
GM,0.7845,1.0
GMAB,0.9862,1.0
GME,0.06896153846153841,78.0
GO,0.0,1.0
GOEV,0.40663333333333335,6.0
GOOGL,0.4215,1.0
HAS,0.4724,1.0
HD,0.8542000000000001,2.0
HE,-0.00395,2.0
HOTH,0.7845,1.0
HPE,0.42955,2.0
HRC,-0.6597,1.0
HUGE,0.2977,2.0
HUYA,0.29526153846153846,13.0
HYLN,0.4341333333333333,6.0
HZON,0.0,1.0
IBKR,0.0,1.0
IMO,0.5638,10.0
INTC,0.9615,1.0
INVZ,0.0,1.0
IP,0.35566,5.0
IQ,0.0,1.0
IR,0.0,1.0
IRM,-0.3612,1.0
IRS,0.3201,3.0
IT,0.0,1.0
JAN,0.34,1.0
JD,0.5524571428571429,14.0
JEF,0.42955,2.0
JG,0.5983,1.0
JNJ,0.58605,2.0
JOB,-0.7777,1.0
JP,0.5105,1.0
JPM,0.42955,2.0
KHC,0.5267,1.0
KMB,0.0,1.0
KO,0.5267,1.0
KRUS,0.3102,1.0
LAC,-0.5499,1.0
LAZR,0.07172,10.0
LEAP,0.6705,1.0
LIFE,0.0,1.0
LKCO,0.0,1.0
LMAO,0.6841,1.0
LOVE,0.687,2.0
LPL,0.956,1.0
LVS,0.9003,1.0
MA,0.9064,2.0
MARK,-0.0516,1.0
MAX,0.7481,1.0
MC,0.73135,2.0
MEG,0.5859,1.0
MELI,0.0,1.0
MGNI,0.0,1.0
MGTA,0.7506,1.0
MLP,-0.0258,1.0
MN,-0.3374,1.0
MO,0.3592,2.0
MP,0.0,1.0
MS,0.2333999999999999,3.0
MSFT,0.4239,13.0
MT,0.0,2.0
MU,0.0772,1.0
MVIS,0.19214411764705877,68.0
MWK,0.0,1.0
NBA,0.4588,1.0
NEE,0.974,1.0
NEO,0.0,1.0
NFLX,0.0,2.0
NICE,0.4215,1.0
NIO,-0.03163571428571425,14.0
NNDM,-0.3291,1.0
NOK,0.0,1.0
NOV,0.4588,1.0
NVDA,0.2144,1.0
NVTA,0.0,1.0
NXRT,0.3612,1.0
NYT,0.04353333333333329,3.0
OBSV,0.4184,1.0
OC,0.08965,2.0
OCGN,0.5333600000000001,5.0
OGI,0.0,1.0
ON,-0.3509,1.0
ONE,0.0,1.0
OR,0.41235,2.0
OXY,0.4816,4.0
PD,0.0,1.0
PDD,0.7351,1.0
PEP,-0.4767,1.0
PINS,0.823,2.0
PLBY,0.9537,1.0
PLM,-0.3374,1.0
PLTR,0.19740666666666667,15.0
PM,-0.022199999999999998,6.0
PMO,0.09,1.0
PNW,0.0616,1.0
PSTH,0.14875,2.0
PT,-0.021525000000000044,4.0
PYPL,0.1779,1.0
QCOM,0.0,1.0
QS,0.3182,1.0
REAL,-0.6249,1.0
RH,-0.09882307692307689,13.0
RIDE,0.8658,1.0
RKT,0.11331739130434783,23.0
ROKU,-0.1027,1.0
RSI,0.1901,2.0
RWLK,0.0,1.0
SAFE,0.63105,2.0
SE,0.59695,2.0
SENS,0.7242999999999999,2.0
SFT,0.7177,2.0
SHOP,0.4181000000000001,3.0
SI,0.7096,1.0
SIM,0.9862,1.0
SIOX,-0.5499,1.0
SLB,0.7579,1.0
SNDL,-0.0446666666666666,3.0
SO,0.5574,1.0
SOL,0.8885,1.0
SOS,0.0,2.0
SP,0.4821500000000001,4.0
SPCE,-0.1511,1.0
SPOT,0.8807,1.0
SPWR,0.784,1.0
SQ,-0.1027,1.0
SU,0.5859,1.0
SYBX,0.7506,1.0
TA,0.8669,2.0
TD,0.1623333333333333,12.0
TDA,0.407,6.0
TDF,0.8074,1.0
TDOC,0.9222,1.0
TELL,0.0,1.0
THBR,0.5994,1.0
THC,0.882,1.0
TIGR,-0.5499,1.0
TIL,0.0,1.0
TLRY,-0.3182,1.0
TNXP,0.0,1.0
TOT,0.1761,1.0
TPCO,0.4404,1.0
TRIP,0.5425,4.0
TSEM,0.0,1.0
TSLA,0.3453318181818182,22.0
TSM,0.0,1.0
TTCF,0.0,1.0
TV,0.3858399999999999,5.0
TWST,0.9802,1.0
UI,-0.23835,2.0
UK,0.30755454545454547,11.0
UNFI,0.9734,1.0
USA,0.2562214285714286,14.0
UWMC,0.28179375,16.0
UXIN,0.6017,1.0
VERY,-0.7824,2.0
VIAC,0.6705,1.0
VLDR,0.3592,2.0
VOYA,-0.0516,1.0
WD,0.5904,1.0
WMT,0.9222,1.0
WOW,0.56575,2.0
WRAP,0.6808,1.0
WW,0.4767,1.0
WWW,0.0,1.0
XOM,0.19215714285714275,7.0
XXII,0.0902,2.0
ZIM,0.9552,1.0
