ticker,score,neg,neu,pos,compound,mentions
AAL,10.0,0.0,0.927,0.073,0.4753,1.0
AAPL,1.0,0.0,0.793,0.207,0.8957,1.0
AB,1.0,0.0,0.827,0.173,0.7574,1.0
ABEO,6.5,0.0,1.0,0.0,0.0,2.0
ACRX,12.333333333333334,0.0,0.8673333333333333,0.13266666666666668,0.3604,3.0
ADMA,2.0,0.0895,0.7769999999999999,0.134,0.17785,2.0
AEZS,8.8,0.047466666666666664,0.8986000000000001,0.05386666666666666,0.10338666666666667,15.0
AGTC,3.5714285714285716,0.028285714285714282,0.8997142857142857,0.072,0.11794285714285715,7.0
AI,15.0,0.037,0.8705,0.0925,0.9331499999999999,2.0
AIHS,14.0,0.05,0.819,0.132,0.5106,1.0
AIM,2.0,0.068,0.8405,0.0915,0.33819999999999995,2.0
AKER,3.0,0.0,1.0,0.0,0.0,1.0
ALL,13.0,0.0,0.9704999999999999,0.0295,0.38585,2.0
AM,3.0,0.076,0.669,0.255,0.6808,1.0
AMC,3.2222222222222223,0.07311111111111111,0.7865555555555557,0.14033333333333334,0.3712888888888889,9.0
AN,10.0,0.08049999999999999,0.8105,0.109,0.36875,2.0
APHA,1.0,0.03,0.7863333333333333,0.18366666666666664,0.5073,3.0
ARC,4.0,0.0,0.917,0.083,0.4404,1.0
ARDS,4.5,0.005,0.9319999999999999,0.0625,0.7995,2.0
ARE,9.0,0.0205,0.921,0.059,0.90845,2.0
ASRT,30.0,0.0,0.9016666666666667,0.09833333333333334,0.3332333333333333,3.0
ASX,2.5,0.0,0.9545,0.0455,0.48105,2.0
ATH,4.0,0.052,0.916,0.032,-0.6664,1.0
ATHE,3.0,0.1,0.9,0.0,-0.5994,1.0
ATNF,9.0,0.0,0.865,0.135,0.9761,1.0
ATOS,5.823529411764706,0.057470588235294114,0.8446470588235295,0.09794117647058824,0.1811058823529412,17.0
AZRX,10.0,0.0,0.774,0.226,0.743,1.0
BB,3.0,0.0555,0.8165,0.128,0.90955,2.0
BC,2.5,0.0365,0.8845000000000001,0.0795,0.1734,2.0
BE,1.0,0.123,0.729,0.148,0.8561,1.0
BFT,1.0,0.0,0.827,0.173,0.5574,1.0
BHP,2.0,0.0,0.947,0.053,0.7717,1.0
BIG,7.5,0.0,0.9410000000000001,0.059,0.125,2.0
BIOL,5.428571428571429,0.0,0.9631428571428572,0.03685714285714286,0.25494285714285714,7.0
BLL,3.0,0.056,0.944,0.0,-0.4767,1.0
BLNK,2.0,0.0,0.728,0.272,0.802,1.0
BLUE,2.0,0.0,0.771,0.229,0.9753,1.0
BNGO,5.714285714285714,0.01442857142857143,0.7897142857142858,0.19585714285714287,0.41082857142857143,7.0
BOOM,4.0,0.0,0.909,0.091,0.9621,1.0
BP,8.0,0.067,0.811,0.122,0.9164,1.0
BRQS,2.0,0.238,0.571,0.19,-0.25,1.0
BSQR,2.0,0.048,0.937,0.014,-0.4515,1.0
CAN,7.5,0.0395,0.913,0.0475,0.17635,2.0
CAT,29.0,0.048,0.832,0.12,0.9913,1.0
CBD,3.5,0.0269,0.8344000000000001,0.1386,0.5660700000000001,10.0
CCIV,1.0,0.0,0.827,0.173,0.5574,1.0
CEO,6.393939393939394,0.05748484848484849,0.8053636363636365,0.13709090909090907,0.48528181818181815,33.0
CG,2.0,0.045,0.859,0.095,0.6945,1.0
CGC,4.0,0.0545,0.8700000000000001,0.0755,0.17425,2.0
CIDM,8.75,0.0355,0.82625,0.13824999999999998,0.611675,4.0
CLSK,1.0,0.13,0.87,0.0,-0.5106,1.0
CMPS,9.0,0.074,0.765,0.161,0.5106,1.0
CPA,1.0,0.0,0.741,0.259,0.5994,1.0
CRBP,9.0,0.043000000000000003,0.9083333333333333,0.04833333333333333,0.020433333333333335,3.0
CRSR,5.666666666666667,0.06933333333333334,0.797,0.13366666666666668,-0.00216666666666665,3.0
CTRM,5.375,0.053875000000000006,0.8513750000000001,0.094875,0.1629875,8.0
CTXR,4.0,0.064,0.856,0.08,0.1531,1.0
CVS,2.2,0.06659999999999999,0.8006,0.13299999999999998,0.3357399999999999,5.0
CWBR,4.0,0.0,0.909,0.091,0.9621,1.0
DARE,2.0,0.0,0.864,0.136,0.5499,1.0
DCF,9.0,0.041,0.825,0.134,0.9445,1.0
DD,14.008379888268156,0.03689106145251397,0.73013687150838,0.23299720670391078,0.5370148044692739,358.0
DM,5.0,0.0,1.0,0.0,0.0,1.0
DS,1.0,0.0,0.714,0.286,0.4215,1.0
DSS,11.0,0.0325,0.83725,0.13025,0.37295,4.0
DVD,11.0,0.041,0.872,0.087,0.4853,1.0
EAST,3.0,0.0,1.0,0.0,0.0,1.0
EMD,1.0,0.0,0.831,0.169,0.9037,1.0
EOD,5.0,0.0,0.772,0.228,0.7351,1.0
ERIC,2.0,0.244,0.756,0.0,-0.6705,1.0
ESGC,1.5,0.0545,0.8009999999999999,0.14450000000000002,0.5224,2.0
EV,57.75,0.027142857142857142,0.8263214285714284,0.14650000000000002,0.7638785714285715,28.0
EVFM,2.0,0.0,0.864,0.136,0.5499,1.0
FCEL,2.0,0.0,0.936,0.064,0.128,1.0
FLT,21.0,0.036,0.807,0.157,0.6542,1.0
FOR,11.0,0.1075,0.5445,0.348,0.14644999999999997,2.0
FPAC,4.0,0.0,1.0,0.0,0.0,1.0
FUBO,1.0,0.0,0.628,0.372,0.836,1.0
FUV,11.0,0.0,1.0,0.0,0.0,1.0
GEVO,2.0,0.194,0.626,0.18,-0.1687,1.0
GHSI,2.0,0.0,0.484,0.516,0.4926,1.0
GL,5.0,0.0,0.642,0.358,0.7291,1.0
GLSI,1.0,0.0,1.0,0.0,0.0,1.0
GM,16.0,0.012333333333333333,0.8983333333333334,0.08933333333333333,0.391,3.0
GO,2.0,0.0,0.8805000000000001,0.1195,0.148,2.0
GOOD,1.0,0.0615,0.5165,0.422,0.8925,2.0
GSAT,3.6666666666666665,0.0,0.8386666666666667,0.16133333333333336,0.24514999999999998,6.0
GTE,4.142857142857143,0.0027142857142857142,0.7665714285714286,0.2307142857142857,0.5036285714285714,7.0
HALO,17.0,0.021,0.919,0.06,0.9264,1.0
HAS,1.0,0.02,0.923,0.058,0.8905,1.0
HL,3.0,0.0,1.0,0.0,0.0,1.0
HOPE,7.0,0.0,0.864,0.136,0.5622,1.0
HSTO,-4.0,0.0,0.803,0.197,0.4019,1.0
HUGE,1.6666666666666667,0.0525,0.7851666666666667,0.16233333333333336,0.5045333333333333,6.0
IBIO,3.0,0.053,0.7506666666666666,0.19699999999999998,0.4637666666666667,3.0
IBKR,1.3636363636363635,0.03281818181818182,0.852181818181818,0.11509090909090912,0.1973,11.0
ICE,2.0,0.0505,0.7545,0.1955,0.98075,2.0
ID,1.0,0.0,0.94,0.06,0.6486,1.0
IDEX,5.333333333333333,0.085,0.856,0.058666666666666666,-0.04400000000000004,3.0
III,4.0,0.0,0.928,0.072,0.5853,1.0
IMO,6.65,0.07654999999999999,0.8214499999999999,0.10180000000000003,0.010784999999999993,20.0
IPOF,1.0,0.0,0.827,0.173,0.5574,1.0
IRR,3.0,0.0,1.0,0.0,0.0,1.0
IT,2.75,0.157,0.7062499999999999,0.137,0.018849999999999964,4.0
ITP,14.0,0.0,0.9001666666666667,0.09983333333333333,0.4611,6.0
ITRM,4.5,0.0,0.8048333333333333,0.19516666666666668,0.36081666666666673,6.0
IVR,2.5,0.0185,0.931,0.0505,0.31845,2.0
JAGX,1.0,0.0,1.0,0.0,0.0,1.0
JMIA,3.0,0.127,0.695,0.179,0.6848,1.0
JP,14.0,0.0,0.78,0.22,0.368,1.0
KODK,4.0,0.0,0.883,0.117,0.8701,1.0
KTRA,8.88888888888889,0.0,0.7535555555555554,0.24644444444444444,0.42483333333333334,9.0
LGVW,1.0,0.0,0.827,0.173,0.5574,1.0
LOVE,3.3333333333333335,0.10633333333333334,0.38599999999999995,0.508,0.6054666666666667,3.0
LOW,1.0,0.244,0.756,0.0,-0.4939,1.0
LPCN,0.0,0.05499999999999999,0.6920000000000001,0.253,0.6385000000000001,3.0
MARA,2.0,0.011666666666666667,0.906,0.08233333333333333,0.10768333333333334,6.0
MD,3.0,0.09000000000000001,0.7239999999999999,0.18600000000000003,0.1694,3.0
MED,4.0,0.045,0.769,0.186,0.9958,1.0
MFA,4.5,0.052500000000000005,0.7849999999999999,0.1625,0.7913,2.0
MICT,4.0,0.0,0.909,0.091,0.9621,1.0
MN,13.5,0.01325,0.9452499999999999,0.0415,0.249225,4.0
MOGO,2.0,0.0,0.7525,0.2475,0.68485,2.0
MPX,3.25,0.020125,0.895125,0.084625,0.499575,8.0
MTX,2.0,0.033,0.878,0.089,0.7589,1.0
MVIS,6.5,0.033,0.948,0.019,0.024200000000000006,2.0
NAK,2.0,0.0,1.0,0.0,0.0,1.0
NAKD,4.0,0.0435,0.8795,0.077,0.47719999999999996,2.0
NBY,12.5,0.018,0.8580000000000001,0.124,0.8081499999999999,2.0
NC,1.0,0.087,0.877,0.035,-0.5678,1.0
NDRA,7.0,0.0,1.0,0.0,0.0,1.0
NEO,2.0,0.04,0.882,0.079,0.2924,1.0
NEW,1.0,0.123,0.729,0.148,0.8561,1.0
NI,3.0,0.0405,0.9450000000000001,0.0145,-0.29335,2.0
NIO,2.0,0.0,0.936,0.064,0.128,1.0
NLY,1.0,0.0,0.831,0.169,0.9037,1.0
NNDM,13.0,0.163,0.769,0.068,-0.4767,1.0
NOK,2.3333333333333335,0.0,0.8236666666666667,0.17633333333333334,0.23263333333333333,3.0
NOVN,5.444444444444445,0.018,0.8293333333333334,0.15255555555555556,0.2679222222222222,9.0
NOW,7.0,0.259,0.741,0.0,-0.4215,1.0
NPV,5.0,0.0215,0.918,0.0605,0.0986,4.0
NVAX,4.0,0.14700000000000002,0.7115,0.14100000000000001,-0.007349999999999968,2.0
NVCN,6.888888888888889,0.0,0.6910000000000001,0.30899999999999994,0.3888111111111111,9.0
NVDA,1.0,0.0,0.861,0.139,0.4404,1.0
OCGN,9.384615384615385,0.044000000000000004,0.8394999999999998,0.11653846153846155,0.30470384615384616,26.0
OGEN,2.5,0.0,0.8109999999999999,0.189,0.29569999999999996,2.0
OGI,7.666666666666667,0.035833333333333335,0.8135,0.15066666666666667,0.3190333333333333,6.0
OLB,1.0,0.0,1.0,0.0,0.0,1.0
ON,0.5,0.122,0.878,0.0,-0.24695,2.0
ONE,4.0,0.068,0.932,0.0,-0.631,1.0
ONTX,4.0,0.03933333333333334,0.8026666666666668,0.15766666666666668,-0.032733333333333337,3.0
OPEN,1.0,0.0,0.89,0.11,0.4939,1.0
OR,2.0,0.0,0.862,0.138,0.5423,1.0
OTLK,2.0,0.04,0.755,0.205,0.8979,1.0
OUT,1.0,0.123,0.729,0.148,0.8561,1.0
PDAC,1.0,0.0,0.827,0.173,0.5574,1.0
PDT,1.0,0.059,0.758,0.183,0.9685,1.0
PFS,13.0,0.046,0.927,0.027,-0.4435,1.0
PHUN,2.0,0.238,0.571,0.19,-0.25,1.0
PHX,1.0,0.052,0.896,0.051,-0.0129,1.0
PLAY,3.0,0.094,0.848,0.059,-0.2664,1.0
PLUG,1.5,0.0,0.796,0.204,0.3883,2.0
PM,3.5,0.10987499999999999,0.890125,0.0,-0.6041000000000001,8.0
PPBT,3.0,0.0,0.826,0.174,0.2732,1.0
PRPB,4.0,0.0,1.0,0.0,0.0,1.0
PS,2.6666666666666665,0.04133333333333333,0.8836666666666666,0.07466666666666666,0.19920000000000002,3.0
PT,14.666666666666666,0.023999999999999997,0.9199999999999999,0.056,0.11415000000000002,6.0
PTE,14.5,0.0,1.0,0.0,0.0,2.0
PUMP,3.0,0.132,0.868,0.0,-0.8038,1.0
RBC,1.0,0.185,0.7125,0.1025,-0.33415,2.0
REAL,-3.0,0.0,0.85,0.15,0.9094,1.0
REI,2.25,0.00575,0.864,0.13025,0.54515,4.0
REPH,12.0,0.0,0.786,0.214,0.4588,1.0
RH,3.727272727272727,0.08131818181818183,0.8361818181818182,0.0825,0.14068181818181816,22.0
RIGL,4.5,0.0025,0.917,0.0805,0.6146499999999999,4.0
RIOT,2.0,0.224,0.776,0.0,-0.7672,1.0
RS,1.0,0.124,0.776,0.099,-0.5574,1.0
RSI,12.0,0.021,0.871,0.108,0.9761,1.0
RUN,1.0,0.244,0.756,0.0,-0.4939,1.0
SAVA,10.0,0.0,0.864,0.136,0.4588,1.0
SD,1.0,0.053,0.821,0.126,0.8689,1.0
SE,1.0,0.0,0.913,0.087,0.4404,1.0
SEE,4.0,0.134,0.832,0.034,-0.6195,1.0
SEEL,5.0,0.036333333333333336,0.8676666666666667,0.09600000000000002,0.4506666666666667,3.0
SENS,8.6,0.0,0.9099,0.0901,0.26368,10.0
SHIP,3.0,0.0,1.0,0.0,0.0,1.0
SLRX,3.0,0.051,0.78,0.169,0.8338,1.0
SLS,1.0,0.0,1.0,0.0,0.0,1.0
SNE,2.0,0.037,0.899,0.064,0.1779,1.0
SO,3.5,0.1125,0.7815000000000001,0.106,0.22025000000000003,2.0
SOLO,5.5,0.08600000000000001,0.9139999999999999,0.0,-0.30665000000000003,2.0
SONM,4.0,0.0705,0.8225,0.10800000000000001,0.2731,2.0
SOS,5.0,0.0,1.0,0.0,0.0,1.0
SQ,2.0,0.0,0.759,0.241,0.8591,1.0
ST,1.0,0.0,1.0,0.0,0.0,1.0
SUNW,3.0,0.138,0.862,0.0,-0.3412,1.0
TBA,5.0,0.0,1.0,0.0,0.0,1.0
TBLT,5.8,0.0,0.9486000000000001,0.0514,0.20156000000000002,5.0
TD,3.5238095238095237,0.034523809523809526,0.8803809523809524,0.08504761904761904,0.20862619047619047,42.0
TDA,4.625,0.047875,0.8785000000000001,0.073625,0.1590875,8.0
THC,6.25,0.0,0.8840000000000001,0.11599999999999999,0.8689499999999999,4.0
THCB,3.0,0.0,1.0,0.0,0.0,1.0
THMO,8.0,0.0,1.0,0.0,0.0,1.0
TLRY,1.0,0.0,1.0,0.0,0.0,2.0
TNXP,9.647058823529411,0.03623529411764706,0.8458235294117646,0.11794117647058823,0.2617588235294117,17.0
TRCH,2.0,0.03,0.804,0.165,0.7351,1.0
TRIP,2.0,0.0,0.673,0.327,0.807,1.0
TRXC,4.0,0.0,0.782,0.218,0.886,1.0
TSLA,8.5,0.0575,0.8305,0.11175,0.24250000000000005,4.0
TTM,4.0,0.052,0.715,0.233,0.9493,1.0
TV,5.5,0.02625,0.8065,0.16724999999999998,0.7358499999999999,4.0
TX,2.0,0.0,0.874,0.126,0.7213,1.0
TXMD,4.0,0.05333333333333334,0.8006666666666667,0.14633333333333334,0.28909999999999997,3.0
TY,4.0,0.0515,0.129,0.8195,0.5598,2.0
TYME,9.375,0.0333125,0.908125,0.058562499999999997,0.08465624999999999,16.0
UI,3.0,0.0,0.958,0.042,0.2263,1.0
UK,2.6875,0.013374999999999998,0.9020625,0.084625,0.31315625,16.0
UMC,4.0,0.0,0.909,0.091,0.9621,1.0
USA,4.166666666666667,0.024833333333333332,0.8408333333333333,0.13433333333333333,0.45625,6.0
VALE,2.0,0.0,0.947,0.053,0.7717,1.0
VERY,10.857142857142858,0.049428571428571426,0.6858571428571428,0.2647142857142857,0.7203999999999999,7.0
VIVO,3.0,0.439,0.561,0.0,-0.4824,1.0
WATT,4.0,0.0,0.909,0.091,0.9621,1.0
WB,1.0,0.0,1.0,0.0,0.0,1.0
WEI,4.0,0.0,1.0,0.0,0.0,1.0
WPRT,2.0,0.0,0.74,0.26,0.9464,1.0
XL,3.0,0.053,0.86,0.087,0.3612,1.0
XOM,3.5,0.0305,0.8714999999999999,0.0975,0.026749999999999996,2.0
XPEL,4.0,0.045,0.769,0.186,0.9958,1.0
YCBD,6.0,0.0,1.0,0.0,0.0,1.0
YY,2.0,0.124,0.682,0.194,0.2023,1.0
ZOM,6.232142857142857,0.03962500000000001,0.853267857142857,0.10714285714285714,0.2412428571428571,56.0
ZSAN,13.859649122807017,0.0705701754385965,0.8072280701754385,0.12223684210526314,0.19020087719298245,114.0
