ticker,neg,neu,pos,compound,mentions
ACB,0.09833333333333333,0.6816666666666666,0.22033333333333335,0.8536333333333334,3
ACST,0.017294117647058824,0.9183529411764707,0.0643529411764706,0.10353529411764706,17
ADMP,0.0,0.968,0.032,0.1531,4
ADXS,0.0,0.8610000000000001,0.13899999999999998,0.28006666666666663,3
AEZS,0.0,1.0,0.0,0.0,1
AHT,0.0,0.889,0.111,0.7667,1
AI,0.0,0.9375,0.0625,0.2553,2
AIM,0.17,0.72,0.11,-0.63,1
ALL,0.0,0.9510000000000001,0.049,0.0386,2
AM,0.0,0.762,0.238,0.8799,1
AMD,0.1185,0.7735,0.108,-0.12115000000000001,2
ASRT,0.0,1.0,0.0,0.0,5
ATH,0.195,0.671,0.134,-0.2263,1
ATOS,0.025576923076923077,0.8601153846153846,0.11423076923076923,0.23615,26
AVGR,0.031,0.749,0.22,0.9422,1
AZRX,0.0,1.0,0.0,0.0,1
BB,0.016625,0.926125,0.05725,0.2089125,8
BIOL,0.042,0.726,0.232,0.8384,1
BNGO,0.031615384615384615,0.8773076923076923,0.09107692307692308,0.21802307692307693,13
CAN,0.031,0.749,0.22,0.9422,1
CASH,0.0,1.0,0.0,0.0,1
CCIV,0.018,0.9216666666666667,0.06033333333333333,0.2639333333333333,3
CEO,0.09766666666666667,0.859,0.043333333333333335,-0.2564,3
CHEK,0.0355,0.9195,0.045,0.07655,2
CIDM,0.0915,0.8180000000000001,0.091,-0.05794999999999999,2
CLBS,0.209,0.791,0.0,-0.6801,1
CLPT,0.0,1.0,0.0,0.0,1
CLSN,0.0,1.0,0.0,0.0,1
CPHI,0.049,0.899,0.0525,0.0178,2
CPRX,0.0,1.0,0.0,0.0,1
CRBP,0.0,1.0,0.0,0.0,1
CRM,0.016,0.864,0.12,0.8519,1
CRON,0.059,0.784,0.157,0.9632,1
CTRM,0.06266666666666666,0.9163333333333333,0.021,-0.1862,3
DARE,0.0,1.0,0.0,0.0,1
DD,0.02519148936170213,0.7885957446808508,0.18621276595744687,0.5037212765957447,47
DGLY,0.0,1.0,0.0,0.0,1
DNN,0.0,0.71,0.29,0.5423,1
DSS,0.0152,0.9296,0.055400000000000005,0.17146,5
DVAX,0.0,1.0,0.0,0.0,1
EBON,0.0,1.0,0.0,0.0,2
EDSA,0.027,0.914,0.06,0.4522,1
ELY,0.133,0.736,0.131,-0.0296,1
EOD,0.056,0.796,0.147,0.4767,1
ETTX,0.0,0.7263333333333334,0.27366666666666667,0.5112666666666666,3
EV,0.0,0.775,0.225,0.4404,1
FCEL,0.031,0.749,0.22,0.9422,1
FL,0.0,0.946,0.054,0.5106,1
FLNT,0.0,0.8465,0.1535,0.4935,2
FRSX,0.0745,0.8594999999999999,0.066,-0.1072,2
FTOC,0.0,0.918,0.082,0.6369,1
GE,0.031,0.749,0.22,0.9422,1
GEVO,0.0,1.0,0.0,0.0,1
GHSI,0.0,1.0,0.0,0.0,1
GME,0.0,1.0,0.0,0.0,3
GNUS,0.0365,0.9159999999999999,0.0475,0.0386,2
GSAT,0.0029000000000000002,0.8662000000000001,0.13090000000000002,0.53773,10
HAS,0.467,0.533,0.0,-0.5423,1
HEC,0.0,0.97,0.03,0.3818,1
IBIO,0.031,0.749,0.22,0.9422,1
IDEX,0.0,0.955,0.045,0.074,4
IMO,0.10325000000000001,0.64025,0.25625000000000003,0.46987500000000004,4
INUV,0.095,0.73875,0.166,0.048350000000000004,4
IRS,0.07266666666666667,0.765,0.162,0.4270333333333333,3
IT,0.041,0.8976666666666667,0.06133333333333333,0.19313333333333335,3
ITP,0.0031,0.906,0.09090000000000001,0.24995000000000003,10
ITRM,0.0,1.0,0.0,0.0,2
JAGX,0.0995,0.845,0.0555,-0.42305000000000004,2
JE,0.0,0.889,0.111,0.7667,1
KBNT,0.0,1.0,0.0,0.0,1
LCTX,0.0,1.0,0.0,0.0,1
LPCN,0.0,0.9166666666666666,0.08333333333333333,0.28006666666666663,3
MARA,0.1315,0.7475,0.121,-0.2136,2
MC,0.0,1.0,0.0,0.0,1
MNKD,0.0,0.686,0.314,0.9231,1
MOTS,0.07642105263157895,0.8110526315789474,0.11247368421052632,0.11062631578947367,19
NAKD,0.056,0.8665,0.0775,0.1079,4
NAV,0.118,0.763,0.119,0.0243,1
NBY,0.0,0.91875,0.08124999999999999,0.180025,4
NIO,0.016,0.864,0.12,0.8519,1
NNDM,0.0,1.0,0.0,0.0,1
NOK,0.0,0.8427500000000001,0.15725,0.483,4
NOW,0.116,0.712,0.171,0.8623,1
NSPR,0.030333333333333334,0.8096666666666668,0.16033333333333333,0.39973333333333333,3
NTN,0.0,1.0,0.0,0.0,1
OBLN,0.123,0.818,0.058,-0.7193,1
OCGN,0.03216666666666666,0.8494166666666668,0.11850000000000001,0.2795,12
ONE,0.0,1.0,0.0,0.0,1
ONTX,0.0,0.9655,0.0345,0.2377,2
OPTT,0.0,1.0,0.0,0.0,1
OR,0.0,0.907,0.093,0.9272,1
OUT,0.0,1.0,0.0,0.0,2
OVID,0.0,0.83,0.16999999999999998,0.6869500000000001,4
PLTR,0.124,0.591,0.285,0.4588,1
PLUG,0.0445,0.81275,0.14275,0.614325,4
PM,0.0295,0.773,0.1975,0.92155,2
POAI,0.023666666666666666,0.9463333333333334,0.03,0.05103333333333334,3
POWW,0.08833333333333333,0.8170000000000001,0.09466666666666668,-0.09956666666666665,3
PRO,0.0,0.907,0.093,0.9272,1
PT,0.033857142857142856,0.9101428571428573,0.05585714285714286,0.07481428571428571,7
PTE,0.0,0.9640000000000001,0.036,0.15498571428571428,7
PTN,0.030578947368421056,0.8516315789473685,0.11784210526315791,0.26208947368421054,19
PTON,0.0,1.0,0.0,0.0,1
QS,0.111,0.791,0.099,-0.0772,1
RENN,0.0,0.756,0.244,0.4404,1
RH,0.0,0.8592727272727273,0.14072727272727273,0.5173545454545455,11
RICE,0.062,0.809,0.128,0.7008,1
RIOT,0.138,0.702,0.16,-0.0857,1
RS,0.01375,0.9457500000000001,0.0405,0.106,4
RSI,0.09833333333333333,0.8380000000000001,0.06333333333333334,-0.16446666666666665,3
RWLK,0.0,1.0,0.0,0.0,1
SENS,0.04621621621621623,0.8574324324324326,0.09632432432432433,0.2078621621621622,37
SESN,0.2265,0.7110000000000001,0.0625,-0.52585,2
SNDL,0.12735714285714286,0.7858571428571429,0.08678571428571429,0.10871428571428574,14
SNSS,0.135,0.865,0.0,-0.32605,2
SONM,0.0,0.8425,0.1575,0.3544,2
SOS,0.006666666666666667,0.8751666666666668,0.11816666666666668,0.25488333333333335,6
SP,0.0,1.0,0.0,0.0,1
SPOT,0.029,0.823,0.148,0.7003,1
STIC,0.082,0.753,0.165,0.561,1
SUNW,0.0,1.0,0.0,0.0,1
SXTC,0.031,0.749,0.22,0.9422,1
SYN,0.0,1.0,0.0,0.0,2
TANH,0.0,0.8260000000000001,0.174,0.4536,2
TBLT,0.071,0.839,0.09,0.1531,1
TD,0.0,0.732,0.268,0.7717,1
TLGT,0.0,1.0,0.0,0.0,1
TLRY,0.0,1.0,0.0,0.0,1
TMDI,0.0,1.0,0.0,0.0,1
TNXP,0.015000000000000001,0.8742222222222221,0.11077777777777777,0.29704444444444444,9
TRCH,0.12833333333333333,0.7976666666666667,0.074,-0.07483333333333332,3
TRXC,0.0,0.8894285714285715,0.11057142857142857,0.34034285714285717,7
TSLA,0.054,0.891,0.055,-0.2269,1
TT,0.155,0.845,0.0,-0.296,1
TTOO,0.042,0.9265,0.0315,-0.0925,2
UAMY,0.0,1.0,0.0,0.0,1
USA,0.051666666666666666,0.9406666666666667,0.007666666666666666,-0.4003666666666667,3
UXIN,0.0,1.0,0.0,0.0,1
VBIV,0.0,1.0,0.0,0.0,1
VEON,0.0,1.0,0.0,0.0,1
VERY,0.121,0.792,0.087,0.0516,1
VYNE,0.04625,0.92375,0.03,-0.064425,4
WTER,0.0,0.686,0.314,0.9231,1
XSPA,0.00775,0.89125,0.101,0.336025,4
ZOM,0.043724137931034475,0.8550689655172412,0.10127586206896554,0.1775896551724138,29
ZSAN,0.0,0.67,0.33,0.7096,1
